track_id,artist_count,spotify_chart,streams,bpm,key,mode,danceability,valence,energy,acousticness,instrumentalness,liveness,speechiness
0,2,147,141381703,125,B,Major,80,89,83,31,0,8,4
1,1,48,133716286,92,C#,Major,71,61,74,7,0,10,4
2,1,113,140003974,138,F,Major,51,32,53,17,0,31,6
3,1,100,800840817,170,A,Major,55,58,72,11,0,11,15
4,1,50,303236322,144,A,Minor,65,23,80,14,63,11,6
5,2,91,183706234,141,C#,Major,92,66,58,19,0,8,24
6,2,50,725980112,148,F,Minor,67,83,76,48,0,8,3
7,1,43,58149378,100,F,Major,67,26,71,37,0,11,4
8,1,83,95217315,130,C#,Minor,85,22,62,12,0,28,9
9,2,44,553634067,170,D,Minor,81,56,48,21,0,8,33
10,2,40,505671438,83,F#,Minor,57,56,72,23,0,27,5
11,1,55,58255150,150,F,Minor,78,52,82,18,0,15,7
12,1,115,1316855716,118,,Major,71,65,68,6,0,3,7
13,1,98,387570742,130,D,Minor,51,32,43,83,0,9,3
14,1,130,2513188493,174,F#,Minor,52,66,73,34,0,31,6
15,1,77,1163093654,89,G#,Major,64,43,73,5,17,16,4
16,1,77,496795686,120,B,Minor,78,76,59,43,0,34,3
17,1,104,30546883,78,,Major,44,14,9,96,0,10,3
18,2,40,335222234,100,B,Major,86,67,66,14,0,12,16
19,1,68,363369738,120,G,Major,63,36,73,0,0,36,4
20,3,26,86444842,140,F,Minor,65,87,74,22,0,42,4
21,1,38,52135248,123,F#,Major,69,82,76,6,0,6,3
22,1,110,1297026226,135,,Minor,48,44,42,12,2,11,3
23,2,40,200647221,133,F,Minor,85,81,67,26,0,12,5
24,3,87,115364561,99,C#,Major,85,83,68,7,0,36,20
25,1,26,78300654,130,G,Minor,79,96,86,9,0,9,9
26,2,77,899183384,107,B,Major,80,82,80,43,0,14,4
27,2,40,61245289,122,F#,Minor,81,74,71,14,0,56,4
28,1,19,429829812,204,F#,Major,52,52,68,46,0,15,4
29,1,101,127408954,110,B,Minor,67,78,85,2,0,33,5
30,1,78,22581161,126,F,Minor,74,35,84,0,0,11,6
31,2,34,52294266,168,F#,Major,56,63,87,39,0,11,5
32,3,88,843957510,98,C#,Minor,71,17,61,36,0,8,5
33,1,56,999748277,97,E,Major,64,51,63,12,0,19,5
34,2,49,618990393,180,E,Minor,72,61,63,67,0,9,28
35,8,31,123122413,120,,Major,81,63,68,11,0,11,4
36,2,34,188933502,150,F#,Major,61,39,73,37,0,11,3
37,1,53,1355959075,96,F,Major,75,57,68,9,0,13,6
38,1,42,786181836,95,D,Major,60,48,79,0,0,12,4
39,1,28,176553476,125,F,Minor,79,96,85,27,0,11,6
40,2,25,354495408,144,A,Minor,56,84,65,23,0,10,6
41,2,78,2808096550,90,D,Major,76,91,50,54,0,7,5
42,2,80,1109433169,128,G,Minor,56,38,97,4,0,35,4
43,3,64,1047101291,79,F#,Major,56,58,56,37,0,11,10
44,3,80,65156199,144,,Major,77,75,58,52,0,23,25
45,1,19,570515054,122,F,Major,67,49,64,10,0,10,3
46,1,76,1085685420,140,,Major,71,82,81,11,0,6,5
47,1,59,1647990401,134,C#,Minor,59,51,52,9,0,15,7
48,2,79,2565529693,186,G,Major,68,49,59,16,0,13,28
49,2,47,518745108,67,C#,Minor,53,50,53,23,0,44,7
50,3,38,107753850,106,A#,Minor,72,17,64,7,0,10,5
51,3,66,177740666,128,G,Major,60,23,91,0,0,12,3
52,1,39,153372011,107,F#,Minor,92,55,70,18,0,15,7
53,1,59,57876440,130,G,Minor,67,96,88,12,19,8,4
54,1,83,1813673666,123,E,Minor,45,13,54,70,0,9,4
55,1,69,3703895074,171,C#,Major,50,38,80,0,0,9,7
56,1,42,256483385,137,G,Minor,64,88,72,51,0,17,5
57,1,45,1214083358,125,G,Minor,84,85,68,58,0,22,4
58,1,41,16011326,128,,Minor,86,42,72,59,0,9,19
59,1,29,812019557,130,,Minor,61,53,58,55,0,27,4
60,2,15,111947664,130,B,Major,86,59,96,50,1,9,5
61,2,41,156338624,133,F,Major,70,86,81,25,0,25,5
62,3,39,720434240,101,D,Major,88,72,59,62,0,9,3
63,2,50,357925728,95,F,Minor,77,53,64,74,0,17,14
64,2,38,674072710,98,C#,Minor,90,40,59,0,0,10,29
65,1,43,1755214421,173,B,Major,43,28,66,0,0,23,3
66,1,23,404562836,90,G#,Major,64,10,62,7,0,48,7
67,1,56,373199958,198,A#,Minor,59,71,42,55,0,10,7
68,1,36,14780425,140,C#,Major,56,48,73,0,0,35,4
69,1,24,39578178,82,G#,Major,51,22,53,1,0,15,3
70,2,35,54266102,130,C#,Minor,77,84,89,17,0,43,5
71,1,63,2557975762,81,B,Major,76,53,53,44,0,9,9
72,1,36,751134527,94,C#,Minor,51,14,59,65,18,25,3
73,1,61,2282771485,124,A#,Major,61,41,81,5,2,10,3
74,2,45,1356565093,128,D,Major,62,55,78,1,3,23,4
75,1,62,1592909789,138,F,Minor,49,42,62,9,0,11,3
76,1,23,635412045,132,E,Major,58,27,48,50,0,12,3
77,2,42,1230675890,131,D,Major,71,24,47,1,0,27,9
78,2,38,585695368,168,F#,Minor,78,58,73,5,0,10,7
79,1,20,43857627,98,C#,Major,68,40,79,33,0,30,6
80,1,55,2009094673,102,C#,Major,48,50,73,43,0,15,4
81,2,30,600976848,101,A#,Major,34,32,57,78,0,20,3
82,2,9,39709092,130,F,Major,63,36,34,76,0,35,9
83,1,17,39228929,142,D,Major,50,20,64,1,0,12,3
84,2,36,2665343922,170,C#,Major,59,48,76,4,0,10,5
85,2,44,223633238,124,G#,Minor,78,70,68,3,1,11,4
86,1,53,2887241814,110,C#,Major,50,45,41,75,0,11,3
87,2,43,1440757818,92,C#,Minor,91,43,71,9,0,9,8
88,1,53,165484133,116,D,Major,82,40,66,39,51,25,7
89,2,50,58054811,129,A,Major,63,84,82,70,8,9,7
90,1,12,157058870,98,G#,Major,71,67,60,19,0,12,3
91,1,25,95131998,172,C#,Minor,74,76,76,6,0,10,9
92,2,38,250305248,150,D,Major,68,14,76,4,0,10,4
93,1,23,685032533,136,A,Minor,62,19,53,11,0,6,4
94,1,39,38411956,88,C#,Minor,53,34,47,9,0,83,4
95,2,23,144565150,143,D#,Major,83,69,44,15,0,10,33
96,1,46,127567540,100,F#,Minor,49,17,35,71,9,11,3
97,1,25,399686758,143,F,Major,56,39,55,14,0,11,13
98,1,52,983637508,112,C#,Minor,56,24,66,7,0,12,3
99,1,47,118482347,93,G,Major,62,57,59,3,0,38,3
100,1,23,882831184,206,G,Major,43,50,55,50,0,15,10
101,3,58,286400165,88,G,Minor,68,17,71,15,0,11,5
102,1,39,172825906,170,D,Major,50,37,90,0,0,12,5
103,1,61,1241559043,84,E,Minor,62,24,67,21,0,13,28
104,1,35,29562220,134,E,Minor,81,53,72,51,0,12,5
105,1,27,77309611,158,A#,Major,54,50,40,61,0,10,6
106,3,52,1605224506,116,C#,Major,80,92,80,4,0,10,3
107,1,21,1116995633,117,C#,Major,61,45,69,2,0,9,3
108,1,44,838079900,114,F,Minor,77,65,72,2,0,7,5
109,1,43,1163620694,108,D,Minor,61,47,68,0,0,13,3
110,2,32,1093605526,144,E,Minor,74,37,53,7,0,21,10
111,1,6,179659294,130,F,Major,51,18,44,76,0,11,3
112,2,18,39058561,116,B,Major,77,79,62,33,1,15,3
113,1,15,36912123,121,G,Major,65,49,78,0,0,17,4
114,1,25,1205951614,112,G,Major,64,54,81,36,0,11,6
115,1,36,1791000570,100,A#,Minor,70,47,52,30,0,6,33
116,1,59,201660859,150,D#,Minor,55,30,78,24,0,12,8
117,2,38,248088961,120,F,Minor,84,96,71,18,0,34,17
118,3,34,90839753,127,B,Minor,82,89,85,4,0,23,6
119,1,22,607123776,90,F,Major,51,42,61,53,0,9,3
120,2,11,55842345,128,A,Minor,75,79,63,33,0,15,4
121,2,48,211050784,143,A,Major,64,31,87,4,4,8,4
122,1,27,342897938,139,G#,Major,74,68,68,3,0,26,4
123,2,26,2762,162,A#,Major,49,78,64,19,0,11,4
124,1,24,330346424,92,,Major,81,39,60,31,0,7,3
125,1,38,601863821,95,F,Major,87,57,55,10,0,29,7
126,3,52,1953533826,146,D,Major,63,88,93,3,0,10,8
127,1,34,2322580122,95,,Major,55,56,82,12,0,34,5
128,2,30,2355719893,115,E,Minor,35,12,30,93,0,10,3
129,2,32,66902503,128,B,Major,78,59,65,10,0,26,5
130,1,33,96273746,130,E,Minor,82,69,83,3,0,27,5
131,1,27,430977451,127,A,Minor,80,74,77,36,0,11,4
132,1,46,284819874,150,D,Major,42,20,86,21,0,9,9
133,2,44,721975598,122,D,Minor,78,50,63,27,0,9,5
134,1,25,1217120710,140,,Major,52,20,85,0,0,7,5
135,4,16,109276132,140,,Major,63,22,54,46,0,12,8
136,3,46,276259178,119,C#,Minor,75,48,53,18,0,18,34
137,5,8,54225632,110,G,Minor,76,96,72,32,0,9,4
138,1,13,2559529074,95,G#,Major,60,17,45,16,0,11,2
139,1,23,681583126,132,F#,Major,56,20,55,45,1,32,3
140,1,23,2594040133,125,A#,Minor,77,74,78,4,0,23,11
141,4,7,81102253,124,D#,Minor,84,65,50,67,0,13,6
142,2,8,11956641,133,B,Minor,93,68,65,42,0,12,25
143,1,43,1687664027,112,G,Major,92,67,66,0,0,36,9
144,3,31,11599388,97,,Major,79,92,89,5,0,6,5
145,2,32,611700552,90,F,Minor,59,52,48,38,5,10,11
146,2,38,1133865788,80,D#,Minor,65,27,69,8,0,53,4
147,1,16,1089402494,172,A,Major,45,33,59,6,0,8,3
148,1,14,411747614,120,E,Major,60,24,35,73,0,31,3
149,1,21,255932395,140,G,Minor,74,96,80,18,0,5,5
150,1,8,31873544,128,A,Minor,81,90,77,1,0,9,5
151,1,14,95053634,122,,Major,78,70,81,57,0,10,5
152,2,37,1279434863,130,,Major,47,86,92,8,0,5,24
153,2,9,233801632,160,A,Major,69,61,71,33,0,31,20
154,1,9,1481349984,144,F,Major,73,87,70,6,0,28,5
155,3,14,142095275,192,B,Major,50,85,52,11,0,28,6
156,2,27,618885532,163,,Major,54,40,67,0,0,9,17
157,1,43,2011464183,122,C#,Minor,66,48,71,6,0,12,4
158,1,24,1167330737,154,D,Major,61,41,74,21,0,40,6
159,1,26,929964809,117,A,Minor,73,31,69,6,0,11,4
160,2,26,436027885,138,G,Minor,78,89,83,10,0,12,5
161,1,18,657723613,96,,Major,86,74,80,33,0,8,6
162,3,24,2713922350,104,C#,Major,77,36,63,1,0,36,5
163,1,16,621660989,164,G#,Major,45,24,62,8,0,16,3
164,1,13,1591223784,118,,Major,68,61,82,2,0,50,3
165,1,19,950906471,81,B,Minor,68,51,60,3,0,19,10
166,1,19,1593270737,117,C#,Major,82,73,45,54,0,7,3
167,1,35,1410088830,174,D,Major,45,10,37,97,25,64,4
168,2,21,1235005533,128,C#,Major,73,60,77,3,0,11,4
169,1,11,1661187319,145,,Major,60,43,27,94,0,14,4
170,1,19,1374581173,150,C#,Minor,65,51,55,73,0,14,3
171,3,16,94186466,90,A,Minor,60,13,53,4,0,21,4
172,1,26,1788326445,85,F,Major,55,42,53,17,0,22,3
173,1,13,1840364617,180,D#,Major,33,38,71,20,0,28,5
174,1,16,143573775,166,C#,Major,57,84,94,11,0,37,9
175,1,17,684675814,160,G#,Major,71,40,50,16,0,16,22
176,1,13,1113838873,160,G,Major,65,95,80,5,0,41,16
177,1,29,1267333350,92,D,Major,70,81,63,4,0,8,4
178,1,18,726307468,170,,Major,56,53,64,11,0,45,6
179,1,10,3562543890,96,C#,Minor,83,93,65,58,0,9,8
180,1,18,1131090940,120,G#,Major,67,40,52,86,0,12,4
181,2,14,307370144,98,,Major,70,37,54,6,0,9,8
182,1,7,1271293243,92,G,Major,53,12,34,1,0,12,4
183,1,10,265882712,150,A,Major,34,24,56,4,0,11,3
184,1,17,841749534,94,F,Major,37,17,47,2,46,11,3
185,1,8,47956378,90,E,Minor,74,36,63,26,0,27,5
186,1,30,806397070,160,A,Major,54,54,55,67,0,42,11
187,1,16,2132335812,120,,Major,70,59,75,24,0,9,4
188,1,13,1641426668,109,F,Major,63,46,85,1,0,9,5
189,1,31,2135158446,129,E,Minor,57,41,66,63,0,12,5
190,2,22,367316268,157,G,Major,54,75,60,30,0,7,5
191,1,12,350381515,130,F#,Major,63,49,73,5,0,9,3
192,1,42,1264310836,107,F,Minor,65,19,72,10,0,13,25
193,1,11,30343206,146,B,Minor,50,67,89,0,0,19,8
194,1,14,405136812,139,A,Minor,48,37,41,32,0,10,10
195,1,14,1145727611,116,,Major,74,76,70,7,0,13,3
196,1,36,540654286,95,F#,Minor,84,52,77,12,0,7,4
197,4,33,57312735,170,G#,Minor,62,55,80,15,0,37,7
198,1,22,397582059,134,F#,Minor,81,18,64,3,0,10,11
199,1,17,1479115056,84,F#,Minor,57,86,90,2,0,9,5
200,4,4,86773632,146,B,Minor,61,20,48,21,0,12,6
201,5,14,133753727,74,A#,Minor,53,24,67,11,0,10,28
202,1,29,123124076,144,B,Major,75,35,48,84,0,10,12
203,3,19,463564958,136,B,Minor,77,79,73,15,0,27,10
204,3,6,64533040,100,E,Major,56,53,55,53,0,12,4
205,1,19,65496046,105,F,Minor,89,67,78,9,0,7,33
206,1,0,68616963,106,F,Major,67,24,78,15,0,30,4
207,2,10,161460990,132,D,Major,85,53,68,40,0,9,4
208,2,5,70106975,120,A,Major,78,5,30,21,0,13,5
209,2,13,113509496,155,C#,Major,82,51,39,2,0,9,49
210,2,5,89933133,129,G#,Major,70,42,43,78,0,11,3
211,2,6,71007139,135,F,Minor,80,85,74,62,0,8,9
212,2,3,43522589,98,A#,Minor,73,45,62,28,0,13,13
213,1,18,232896922,124,A,Minor,84,64,39,3,0,11,4
214,3,0,37126685,135,A,Minor,77,28,55,18,0,22,15
215,1,30,195576623,107,D,Major,78,39,53,30,0,11,6
216,2,25,532336353,96,D,Major,54,25,74,14,0,9,11
217,2,34,538115192,123,G#,Major,71,58,70,30,0,32,19
218,2,0,46142772,90,G#,Major,62,7,62,6,0,58,6
219,3,16,401036314,117,F,Minor,72,45,59,14,0,20,21
220,2,8,127026613,133,A,Minor,78,90,84,31,0,7,4
221,1,36,345031710,96,G#,Minor,74,61,83,11,0,35,6
222,2,10,288101651,149,G#,Major,66,85,60,40,0,14,13
223,2,2,60350538,110,F#,Minor,66,32,40,81,0,11,3
224,1,6,335074782,105,F#,Major,95,62,52,3,0,5,16
225,1,69,76767396,105,C#,Major,80,69,78,28,0,11,14
226,2,5,46065667,134,B,Major,76,61,58,6,0,16,3
227,1,36,459276435,170,E,Minor,71,59,56,4,0,27,12
228,2,1,39666245,81,F#,Major,59,26,60,46,1,25,13
229,2,5,138517666,154,F#,Major,63,75,92,31,0,91,5
230,1,12,822633917,169,C#,Major,69,69,51,63,0,38,4
231,1,10,595900742,115,G,Major,78,64,69,4,0,7,14
232,2,6,51985779,84,A,Minor,43,14,74,1,0,19,8
233,2,22,57945987,93,G#,Major,79,58,62,11,0,11,23
234,2,34,115010040,91,G,Major,82,47,62,10,0,10,15
235,1,6,175097833,142,A#,Minor,82,54,44,6,0,33,7
236,2,0,57089066,126,C#,Major,78,20,70,1,0,16,4
237,1,8,488386797,97,A#,Major,73,10,44,26,0,16,8
238,5,0,32761689,101,F,Major,92,59,51,41,51,26,8
239,1,33,1047480053,98,G,Minor,80,23,48,14,0,6,5
240,1,5,153454328,154,F#,Major,59,63,89,18,0,80,9
241,1,24,217672943,120,A,Major,91,63,58,52,0,31,22
242,1,13,457184829,150,B,Major,49,4,55,7,0,6,3
243,1,13,939844851,174,A,Major,47,27,78,11,0,10,8
244,1,4,726434358,202,A#,Major,34,25,51,69,0,18,4
245,2,18,573633020,153,B,Minor,56,42,52,5,0,36,24
246,1,20,1406111294,142,F,Major,60,13,37,58,0,13,3
247,2,4,71573339,108,A,Minor,84,55,47,26,0,20,64
248,2,0,24975653,143,B,Major,83,25,69,4,0,23,12
249,1,2,145458418,108,D,Major,67,55,67,60,0,80,5
250,1,27,1424589568,104,F,Minor,95,78,66,3,0,4,6
251,3,20,231332117,93,F#,Minor,84,96,79,43,0,18,11
252,1,32,415932686,105,F#,Minor,65,46,53,16,0,9,5
253,1,6,988515741,170,G#,Major,44,27,32,89,0,14,5
254,3,1,50847624,178,C#,Minor,62,56,66,18,0,12,5
255,1,0,39893489,176,F#,Minor,50,44,76,10,0,32,5
256,2,13,92035115,104,E,Minor,80,38,88,11,0,11,5
257,1,12,118810253,85,G,Major,70,83,84,31,0,47,30
258,2,4,77233241,117,F#,Minor,77,69,58,39,0,26,5
259,1,35,206399629,80,,Major,52,57,48,86,0,15,39
260,1,3,117747907,98,F,Major,44,36,41,50,0,38,5
261,2,33,266624541,178,C#,Minor,79,58,78,34,0,11,25
262,1,9,293186992,148,A,Major,51,27,33,48,0,22,3
263,1,10,139681964,120,D,Major,77,94,66,65,0,38,3
264,1,15,123132751,122,E,Minor,68,38,88,1,0,8,5
265,1,2,103762518,144,F,Major,74,75,73,42,0,9,4
266,2,12,162887075,96,D,Major,93,47,47,33,0,10,36
267,1,12,91221625,137,G#,Major,77,35,88,16,0,17,9
268,1,4,190490915,121,F#,Minor,94,71,61,12,0,53,42
269,2,0,96180277,119,A,Minor,60,10,57,1,0,50,3
270,1,6,185240616,96,D,Major,72,40,47,71,0,13,4
271,1,34,885093467,111,C#,Major,87,53,52,66,1,11,5
272,2,4,104992946,148,A,Major,90,74,68,14,0,10,19
273,2,10,147290338,182,A,Major,57,80,59,8,0,6,5
274,1,30,1302184087,141,D,Major,79,82,86,28,0,4,9
275,2,6,158950978,145,E,Minor,76,80,81,19,0,6,9
276,2,9,76910644,110,B,Minor,76,26,70,1,0,41,6
277,1,4,137123880,134,G,Major,70,35,41,41,0,10,3
278,1,33,782369383,130,G,Major,92,78,62,18,0,6,10
279,1,6,502574952,145,A#,Major,84,88,53,35,0,8,7
280,3,10,207033255,130,B,Minor,69,36,90,1,10,15,4
281,1,18,404887295,173,,Major,59,69,53,12,0,23,3
282,1,35,381161027,92,B,Minor,75,55,76,25,0,10,15
283,1,13,466231982,105,F,Minor,56,57,87,0,1,10,4
284,1,24,357580552,175,G,Minor,59,15,64,43,90,12,10
285,2,4,61105704,120,G,Minor,80,33,70,22,0,9,4
286,2,5,198275403,139,D#,Minor,70,77,48,37,0,12,5
287,1,13,168448603,132,,Minor,59,56,82,12,0,12,6
288,2,15,705469769,114,A#,Major,32,17,74,14,0,17,3
289,2,0,34502215,145,B,Minor,54,19,48,36,0,37,5
290,1,17,482175240,110,,Major,82,67,69,0,0,18,4
291,2,30,304118600,94,G#,Major,89,61,66,17,0,36,16
292,1,6,1449799467,134,C#,Major,45,17,60,21,0,33,4
293,1,19,173627354,120,G,Major,62,32,76,0,0,39,4
294,2,4,90025258,123,G,Minor,70,86,68,24,0,11,4
295,2,17,652704649,131,A#,Major,77,84,71,35,0,15,4
296,1,21,1829992958,171,D,Major,70,6,73,1,0,36,26
297,2,14,655466831,130,E,Minor,80,64,76,2,0,20,6
298,3,34,146409671,94,B,Major,82,53,67,34,0,9,8
299,2,4,95816024,89,G,Minor,73,44,57,39,0,32,6
300,1,9,117206995,87,F,Minor,65,71,56,4,0,15,20
301,2,3,100409613,124,B,Minor,72,79,78,55,0,15,30
302,2,0,80758350,78,G#,Major,71,80,65,51,0,22,32
303,2,26,325592432,120,G#,Major,70,70,79,7,0,18,10
304,2,0,58473276,96,F#,Minor,48,50,80,40,0,37,20
305,1,0,52722996,106,G,Major,73,22,86,31,0,12,4
306,1,17,191945597,170,D,Minor,78,75,46,62,0,12,35
307,2,0,77377503,134,B,Minor,67,11,76,8,47,30,7
308,1,8,743693613,115,A#,Major,71,90,73,30,0,11,5
309,1,4,267789608,130,F#,Major,74,79,87,45,0,30,3
310,2,5,1221813483,118,,Major,65,63,79,3,0,10,3
311,1,12,449701773,110,G,Major,59,22,38,42,0,12,3
312,1,0,67070410,100,A,Major,72,42,66,18,4,19,4
313,2,6,116334601,142,G,Minor,70,76,79,26,0,11,7
314,1,4,433356509,140,,Major,64,18,37,72,0,12,7
315,1,4,165584767,116,G,Major,90,96,73,62,0,9,4
316,1,9,367814306,120,A,Major,73,64,85,25,0,61,3
317,2,37,477033549,92,F,Minor,76,46,79,31,0,7,6
318,1,2,156214700,110,G#,Minor,81,64,79,5,0,31,3
319,1,20,448843705,120,A#,Major,71,57,97,1,0,13,11
320,2,17,1357608774,80,G#,Major,63,40,61,9,0,56,6
321,2,26,294352144,115,F,Minor,95,43,69,47,0,9,31
322,1,7,972164968,76,A#,Major,58,46,67,65,0,13,4
323,1,7,920045682,172,F#,Major,60,77,78,45,0,12,6
324,1,16,2420461338,99,A#,Major,40,45,56,69,0,9,5
325,1,4,1947371785,136,,Minor,36,12,57,9,0,14,8
326,1,0,244658767,150,G#,Minor,90,64,14,67,35,11,10
327,1,0,68216992,92,A#,Minor,71,41,31,79,0,10,5
328,5,16,223582566,95,C#,Major,77,72,87,17,0,7,5
329,3,30,471819764,102,B,Minor,83,58,83,21,0,10,5
330,1,0,272377463,145,,Minor,70,34,55,43,0,16,6
331,1,5,1361425037,110,A,Major,50,24,86,0,0,64,4
332,2,0,149778242,95,,Major,64,30,77,46,0,38,6
333,2,2,116599790,94,B,Minor,68,81,82,53,0,9,13
334,1,4,148469433,142,G,Major,61,92,91,0,0,26,3
335,2,10,497225336,145,F#,Minor,59,20,74,1,0,15,5
336,1,4,88791109,121,F#,Minor,64,67,80,0,0,36,3
337,1,6,125917280,140,D#,Minor,66,43,76,49,0,12,3
338,3,0,105062254,137,C#,Minor,84,44,67,8,0,11,6
339,1,0,95623148,104,G#,Major,56,72,85,0,0,15,3
340,1,2,144584800,92,F,Major,57,68,76,7,0,33,3
341,1,20,298063749,146,D,Minor,74,51,45,86,0,21,38
342,1,4,166570053,120,D,Major,56,20,43,89,0,12,4
343,1,0,83021468,144,D,Major,68,83,81,9,0,8,4
344,2,0,139836056,94,A,Major,59,44,56,80,0,6,3
345,1,14,303216294,94,G#,Major,73,65,79,5,2,11,6
346,2,15,221409663,113,G,Minor,79,66,74,8,0,11,5
347,2,0,58890931,148,E,Major,50,49,76,12,0,12,3
348,1,0,81419389,98,C#,Major,70,29,73,12,0,11,26
349,1,6,156777415,140,B,Major,58,26,38,91,0,10,4
350,1,6,284908316,100,G,Major,36,28,28,81,0,18,3
351,2,11,93438910,140,F#,Major,86,68,79,39,0,11,29
352,1,17,363472647,100,E,Minor,59,78,94,27,0,29,23
353,1,0,372476382,100,A,Minor,59,49,65,2,0,13,3
354,2,15,380726517,132,,Minor,87,82,70,42,0,21,5
355,1,0,56533272,142,D,Major,49,48,67,10,0,26,3
356,1,22,175399345,176,E,Minor,72,96,63,25,0,21,7
357,1,4,203221468,140,F#,Major,53,51,70,49,0,14,3
358,1,6,1624165576,105,D#,Minor,55,40,90,1,0,32,6
359,1,4,134294498,135,F,Major,81,97,77,75,0,35,3
360,1,0,70069745,128,E,Minor,82,61,59,30,0,12,4
361,2,14,609293408,101,F,Major,74,43,69,12,0,12,7
362,1,30,671365962,122,A#,Major,88,43,50,7,0,14,5
363,1,34,362361576,105,,Minor,76,49,56,80,12,10,13
364,2,4,93587665,83,C#,Major,53,40,36,73,0,11,33
365,4,7,1223481149,77,B,Minor,72,59,76,24,0,42,28
366,1,11,1022258230,140,B,Minor,75,18,25,78,0,11,26
367,2,6,263453310,158,C#,Major,65,72,95,31,0,92,5
368,2,31,1435127549,176,G,Major,75,43,65,15,0,11,32
369,2,15,236857112,98,B,Major,73,88,57,56,0,5,2
370,1,0,147538971,107,B,Minor,66,47,40,72,0,11,3
371,1,6,698086140,109,F,Minor,66,16,57,10,1,12,3
372,1,2,723894473,109,A#,Minor,84,72,74,10,0,34,7
373,1,0,34450974,148,,Major,53,61,81,5,0,36,4
374,1,14,403097450,158,F#,Minor,60,52,76,17,0,19,5
375,2,13,309483971,94,F,Minor,74,64,73,6,0,10,6
376,1,6,319566866,96,F#,Minor,70,40,51,35,0,10,4
377,1,33,909001996,100,F,Minor,80,29,67,29,0,12,3
378,2,13,1061966512,105,A,Major,58,42,68,1,0,14,4
379,1,0,32526947,125,,Major,53,32,66,38,0,9,3
380,1,0,124988687,170,F#,Minor,56,56,63,13,0,19,27
381,3,0,103787664,115,,Major,70,84,90,17,0,41,6
382,1,16,134255790,122,G#,Major,64,25,89,0,0,15,9
383,1,12,301051721,105,A#,Minor,88,82,80,8,0,11,8
384,1,0,156338624,133,F,Major,66,74,84,25,0,21,4
385,2,2,152850295,100,,Major,79,60,68,7,0,26,4
386,1,0,309653982,120,D#,Minor,82,55,45,15,3,9,10
387,1,0,297328960,177,A,Major,25,17,30,90,0,13,3
388,1,0,332506354,142,D,Minor,64,31,72,15,0,9,5
389,1,16,480507035,144,E,Minor,57,47,84,1,1,52,4
390,2,0,1065580332,120,B,Minor,65,80,86,9,0,19,10
391,1,0,122763672,135,D,Major,92,73,51,55,0,15,6
392,1,10,445763624,107,B,Major,81,82,78,38,0,12,4
393,6,4,1365184,105,G,Major,82,62,74,10,0,33,7
394,2,0,184308753,108,F#,Minor,44,38,77,9,0,9,20
395,1,4,789753877,147,,Minor,51,62,79,22,13,14,3
396,3,20,323358833,115,,Major,71,34,88,16,0,44,4
397,2,9,606361689,174,F,Major,70,57,64,23,0,8,32
398,3,6,120972253,90,A#,Minor,68,83,71,3,0,31,8
399,1,2,338564981,141,E,Minor,41,9,25,84,1,14,4
400,1,3,1606986953,82,F,Major,68,50,49,56,0,8,4
401,1,7,1301799902,92,F,Major,47,25,43,62,0,32,3
402,6,4,140187018,116,G#,Minor,77,65,80,6,0,15,4
403,2,10,1897517891,124,A,Minor,79,59,86,4,0,8,11
404,1,0,107642809,125,A#,Minor,71,83,89,1,0,17,9
405,1,16,551305895,90,,Major,80,71,69,2,0,27,10
406,3,14,556585270,83,C#,Major,46,34,64,31,0,7,34
407,1,0,2303033973,124,B,Minor,79,68,79,1,0,10,8
408,1,14,646886885,140,G#,Major,58,4,60,7,41,8,3
409,2,4,222612678,154,,Major,64,61,91,15,0,72,4
410,2,0,1814349763,150,D#,Minor,74,89,70,2,0,5,6
411,1,8,872137015,186,E,Minor,41,9,61,2,0,12,5
412,1,6,571386359,166,G#,Minor,40,23,48,5,0,12,3
413,2,12,304079786,107,,Major,87,20,83,0,4,31,9
414,3,0,174006928,87,G,Major,87,52,52,31,0,28,24
415,1,15,284785823,82,G#,Major,40,39,64,21,0,7,7
416,1,0,163284000,114,A,Minor,46,60,28,91,0,21,4
417,1,0,246390068,148,G#,Major,47,15,52,38,13,29,5
418,1,44,482257456,140,F#,Major,91,97,57,38,0,40,29
419,1,0,168684524,101,G,Major,90,76,81,15,24,33,6
420,3,0,78489819,140,C#,Minor,81,6,84,5,23,6,6
421,3,0,195516622,88,G,Minor,49,24,66,19,0,18,29
422,1,28,1260594497,180,C#,Major,64,44,65,28,0,14,12
423,1,0,428685680,133,D,Major,95,91,89,6,0,31,24
424,1,0,1024858327,108,A#,Minor,63,20,55,72,0,6,6
425,1,0,838586769,80,F,Minor,39,24,43,39,0,23,3
426,1,0,199386237,75,B,Minor,80,46,62,3,6,11,46
427,2,44,972509632,121,F#,Minor,67,26,64,52,0,17,10
428,2,0,213438580,140,D,Minor,58,17,62,18,0,20,8
429,1,8,1555511105,126,B,Minor,81,59,90,5,0,36,3
430,1,4,210038833,102,C#,Major,58,29,94,0,0,9,11
431,1,0,227918678,82,A,Major,70,31,34,60,1,11,4
432,1,2,826623384,121,C#,Minor,46,53,78,23,0,72,6
433,2,8,1802514301,103,F#,Minor,70,92,83,1,0,7,6
434,1,0,1329090101,108,F,Minor,82,88,76,9,0,12,9
435,1,7,181831132,85,F,Minor,65,36,47,31,0,12,10
436,2,28,462791599,125,C#,Minor,84,70,69,1,0,5,5
437,1,2,348647203,120,D,Major,69,40,39,41,0,13,6
438,3,6,366599607,94,,Major,58,44,57,57,0,10,3
439,3,0,90598517,130,F#,Minor,65,49,80,22,4,7,5
440,2,4,1479264469,110,E,Major,74,51,74,2,0,29,4
441,1,0,1449779435,150,G,Major,34,33,63,16,0,7,4
442,1,0,1159176109,107,B,Minor,74,88,65,28,0,46,3
443,1,0,769213520,140,G#,Major,70,85,41,71,0,45,5
444,1,0,741301563,119,D,Major,74,78,37,84,0,6,3
445,1,0,807561936,93,E,Major,35,38,23,91,0,29,3
446,1,0,834129063,133,G,Major,46,53,63,5,0,30,18
447,1,0,663832097,202,G,Major,24,76,60,77,0,12,4
448,1,0,446390129,134,C#,Major,45,72,24,91,0,18,4
449,1,0,690104769,105,C#,Major,72,33,51,48,0,9,3
450,1,0,485285717,160,G#,Major,51,69,81,0,0,21,5
451,1,0,520034544,148,D,Major,50,96,82,47,0,34,4
452,1,0,476244795,151,G,Major,65,70,47,87,0,9,4
453,1,0,629173063,162,F#,Minor,67,88,54,51,0,9,4
454,1,0,404664135,92,D,Major,53,84,77,40,0,32,3
455,1,0,98709329,152,C#,Major,65,35,65,44,18,21,7
456,1,0,110849052,65,A,Minor,71,55,26,85,0,13,8
457,4,0,460492795,147,D,Major,33,39,61,32,0,77,3
458,2,0,94005786,150,A#,Minor,73,71,69,53,0,32,9
459,1,0,395591396,140,,Major,67,81,36,64,0,15,3
460,1,0,389771964,139,C#,Major,36,22,15,84,0,11,4
461,1,0,403939487,95,B,Major,75,74,58,36,0,9,3
462,1,0,481697415,115,,Major,60,23,57,0,2,27,3
463,2,0,110073250,125,F#,Major,62,59,43,84,3,11,5
464,1,0,88092256,76,,Major,60,19,20,78,0,11,5
465,1,0,351636786,101,C#,Minor,72,91,87,14,0,13,3
466,2,0,473248298,143,D,Major,60,86,32,88,0,34,6
467,1,0,73981293,119,G,Minor,51,51,66,67,0,9,23
468,2,4,155653938,78,A,Major,67,22,59,76,1,15,16
469,3,0,395591396,96,A,Major,23,19,25,91,0,40,3
470,1,0,429504768,180,A,Major,51,87,58,36,0,18,4
471,1,0,242767149,126,D#,Major,34,35,76,39,0,8,5
472,1,0,65362788,150,F,Major,43,42,44,57,0,15,6
473,1,0,67540165,90,D,Major,53,47,74,9,0,34,4
474,1,0,62019074,160,F,Major,72,78,68,28,0,11,12
475,2,0,135723538,114,,Major,59,60,94,24,0,10,4
476,3,0,295998468,113,G,Major,73,72,32,77,0,15,5
477,1,0,261116938,147,,Major,67,69,72,17,0,19,3
478,2,2,136689549,100,B,Minor,70,92,59,3,0,10,3
479,1,2,135611421,155,G#,Major,49,42,77,3,0,12,9
480,1,0,356709897,107,G,Minor,54,41,39,51,0,11,16
481,2,0,110649992,112,G#,Major,80,15,54,9,0,38,5
482,1,0,301869854,166,C#,Major,70,57,57,9,20,11,7
483,1,0,127027715,107,F#,Minor,69,96,36,81,0,8,4
484,1,0,57144458,81,G#,Major,47,33,68,24,0,22,38
485,1,0,56870689,150,C#,Major,79,77,46,5,0,11,7
486,2,0,323437194,110,A,Major,66,19,32,69,0,12,4
487,1,0,317726339,108,G,Major,64,4,40,6,0,10,6
488,4,0,116144341,130,E,Minor,89,48,74,30,0,7,36
489,1,0,328207708,164,G,Major,70,39,56,6,0,9,7
490,2,20,608228647,114,B,Minor,80,42,68,2,0,66,4
491,2,0,180577478,93,F,Major,63,93,88,1,0,12,4
492,2,34,809306935,90,C#,Minor,87,51,69,36,0,9,8
493,1,0,49262961,128,B,Major,45,35,68,78,0,39,8
494,2,4,614555082,97,A,Major,83,47,80,2,0,24,9
495,1,0,245350949,152,G,Minor,69,94,71,79,0,7,8
496,1,0,178660459,175,G#,Major,51,94,34,73,0,10,5
497,1,0,51641685,116,D,Major,61,48,55,67,0,16,8
498,2,0,78139948,80,F,Minor,33,51,59,76,0,44,6
499,2,13,322336177,93,B,Minor,63,34,86,26,0,21,39
500,1,0,1007612429,122,E,Major,70,42,54,30,0,37,5
501,1,0,326792833,122,G,Major,70,91,79,3,0,7,10
502,1,6,391251368,135,A,Minor,70,60,58,4,0,16,3
503,3,0,349585590,109,F,Major,60,45,47,62,0,31,5
504,1,0,339659802,93,,Minor,65,82,74,27,0,32,5
505,2,0,674772936,125,B,Minor,85,64,81,2,5,7,9
506,7,0,432719968,206,,Minor,58,83,45,36,0,11,8
507,1,17,1309887447,130,G,Major,76,44,77,1,0,13,3
508,1,0,119238316,121,G,Minor,80,62,51,2,0,9,8
509,1,0,116903579,123,F#,Minor,74,35,73,0,0,21,5
510,1,0,888046992,122,B,Minor,67,50,67,15,0,30,4
511,1,0,200660871,143,,Major,53,50,79,0,0,8,3
512,1,0,130655803,121,A#,Minor,70,35,77,1,0,26,4
513,1,6,1887039593,166,F#,Minor,56,68,66,28,0,11,18
514,3,0,88103848,135,C#,Major,41,27,64,36,0,60,3
515,1,0,101114984,87,E,Minor,49,49,59,44,0,35,21
516,2,0,1575467011,111,G#,Major,77,74,66,30,0,13,3
517,2,0,91656026,110,D,Major,75,85,84,10,0,31,19
518,1,0,1042568408,130,C#,Major,66,19,61,30,0,9,7
519,1,0,1735441776,179,G#,Minor,61,76,51,30,0,38,15
520,1,2,726837877,93,F,Minor,74,53,73,61,0,13,4
521,1,0,53933526,78,A,Minor,27,10,49,62,0,49,5
522,1,0,267758538,180,D,Major,65,37,58,2,0,4,31
523,1,0,74601456,86,A,Minor,28,13,41,50,0,19,3
524,1,0,920797189,88,C#,Minor,74,55,85,1,0,5,22
525,2,0,539595276,97,C#,Major,68,72,78,4,0,7,5
526,1,0,1367810478,134,B,Minor,71,59,80,13,0,36,5
527,2,2,578207856,116,D,Major,75,36,76,12,0,10,10
528,3,26,775542072,170,E,Minor,64,14,70,9,0,9,8
529,1,13,863625566,140,C#,Minor,83,40,55,16,0,14,23
530,2,6,656013912,118,G,Minor,75,46,76,3,0,9,4
531,1,0,1056760045,65,,Major,31,31,24,76,0,14,4
532,2,17,611994237,120,,Minor,56,16,67,0,0,11,4
533,2,6,1230855859,176,D#,Major,29,12,33,68,0,12,5
534,1,0,582981380,180,G#,Minor,59,69,61,84,0,46,36
535,1,3,1858144199,144,A#,Major,59,21,43,76,0,10,7
536,3,1,240684449,133,F#,Minor,82,52,61,38,0,14,27
537,1,5,583687007,93,,Major,63,21,52,28,0,9,3
538,1,0,63803529,122,A#,Major,77,25,62,34,0,23,3
539,1,0,466214729,88,C#,Major,53,55,73,9,0,3,5
540,4,3,236940480,170,F,Minor,70,61,44,40,0,37,4
541,1,0,41924466,94,F,Minor,46,55,50,71,0,10,11
542,1,0,225259194,170,A#,Major,65,46,47,12,0,13,16
543,3,2,393230256,90,E,Minor,79,79,70,57,0,66,8
544,1,0,287201015,78,G,Major,40,7,29,62,0,9,3
545,1,12,599770206,94,D,Major,57,36,58,5,0,15,3
546,1,0,342779426,73,D,Major,83,11,41,0,0,36,14
547,2,10,673801126,176,C#,Major,73,79,86,42,0,7,18
548,1,8,1168642797,128,D#,Minor,81,57,63,40,1,10,4
549,3,0,540539717,120,G#,Major,58,44,60,44,9,5,6
550,3,0,383550148,82,D,Major,63,85,62,6,0,35,4
551,3,0,530511203,95,D,Major,77,40,47,2,0,9,3
552,1,0,37307967,118,,Major,44,52,94,11,0,4,29
553,1,9,510876816,123,B,Minor,75,93,86,8,0,14,3
554,3,0,1445941661,90,,Major,63,49,68,38,0,42,18
555,2,21,1763363713,110,E,Minor,73,14,57,40,0,11,5
556,2,12,374191487,96,C#,Minor,66,76,82,47,0,10,32
557,1,0,108809090,88,D,Minor,56,58,55,35,0,23,11
558,3,2,436695353,98,A,Minor,73,60,85,17,0,24,5
559,3,0,421040617,110,,Minor,72,67,68,0,0,14,4
560,1,0,501541661,80,,Major,70,57,49,19,0,12,8
561,3,0,354065229,110,C#,Minor,86,31,53,43,0,11,6
562,1,6,1143647827,110,G#,Major,79,70,36,0,0,6,11
563,3,0,311395144,78,C#,Minor,77,49,42,1,1,13,19
564,2,0,672656250,129,G#,Major,83,44,62,2,0,8,6
565,1,4,1256880657,181,A,Major,44,22,60,61,0,42,9
566,1,5,1692897992,114,F#,Minor,75,74,77,1,0,9,10
567,1,0,245095641,144,D,Major,74,39,65,5,1,11,35
568,2,2,686734357,101,D,Major,66,18,68,9,0,12,4
569,2,0,261414174,84,D,Major,67,78,63,29,0,12,5
570,3,19,610045621,154,F#,Major,66,63,69,21,0,11,7
571,3,0,1115880852,148,F,Major,59,72,62,18,0,9,3
572,3,0,594482982,146,F,Minor,85,22,37,13,0,7,30
573,2,0,566954746,120,B,Minor,77,51,79,20,0,26,6
574,1,0,,110,A,Major,53,75,69,7,0,17,3
575,2,3,374706940,136,,Minor,77,82,30,95,0,13,5
576,3,0,184937148,141,C#,Major,59,56,63,12,0,6,36
577,1,0,31959571,108,A,Minor,46,23,48,75,30,14,4
578,1,0,167076418,94,,Major,42,47,36,76,0,9,5
579,1,3,824420218,180,A,Major,35,41,94,0,63,5,5
580,1,0,363467642,122,A#,Major,77,51,79,5,0,16,5
581,1,4,1127468248,85,A#,Major,59,33,52,7,15,12,3
582,2,0,60680939,148,C#,Major,68,29,73,0,0,7,7
583,1,1,247737946,120,A,Major,83,59,73,6,0,5,11
584,2,0,1699402402,91,G,Minor,70,76,72,22,0,27,4
585,2,0,154797871,120,E,Major,72,54,71,26,0,10,4
586,1,0,198883004,106,,Major,86,86,79,11,0,8,9
587,1,0,124407432,110,A#,Major,63,31,35,93,0,29,3
588,1,4,850608354,169,F#,Major,39,36,45,81,0,8,13
589,1,0,376333030,118,C#,Major,80,21,55,1,0,26,17
590,1,0,516784627,92,G#,Minor,91,79,66,32,0,9,16
591,1,24,1608045237,112,D#,Major,45,19,60,63,0,9,6
592,1,3,506778838,140,D,Major,79,56,91,26,0,13,21
593,1,6,1472799873,105,G#,Major,73,52,76,13,0,5,3
594,1,10,513643924,178,F,Major,76,63,77,14,0,15,22
595,2,0,261286503,108,G,Minor,96,71,42,57,0,8,9
596,1,0,783706581,173,A,Major,40,19,29,86,0,34,4
597,3,10,422691058,101,C#,Major,67,40,90,3,0,34,6
598,1,0,1062345656,120,G#,Minor,80,24,62,41,2,11,23
599,1,0,1252563873,144,,Major,73,66,80,44,0,9,12
600,1,0,851070493,133,C#,Major,75,96,61,0,0,18,4
601,2,0,263894529,158,G#,Minor,46,62,83,53,0,97,28
602,1,0,345903614,120,A,Major,81,92,90,9,0,8,7
603,1,4,951637566,129,,Major,61,59,46,56,0,13,5
604,2,0,956865266,102,G,Major,74,45,89,5,0,26,13
605,4,0,427486004,124,G#,Minor,79,79,84,2,0,5,5
606,1,0,156658366,90,E,Minor,73,31,45,85,24,11,3
607,1,0,624515457,161,F#,Minor,78,65,52,46,0,12,31
608,1,0,777765388,120,G,Major,60,11,33,90,0,8,5
609,1,0,412795151,81,,Major,45,12,57,7,0,23,3
610,1,0,1138474110,150,E,Minor,78,47,70,18,0,15,9
611,2,0,355219175,105,G#,Major,76,58,84,10,0,13,10
612,1,2,290228626,79,F#,Major,63,76,67,38,0,6,4
613,1,2,1062956628,146,C#,Minor,52,7,61,51,0,11,3
614,1,0,1180094974,124,E,Major,64,8,37,79,0,9,5
615,1,8,1456081449,126,F#,Major,53,66,85,2,0,24,4
616,1,0,432702334,121,G#,Major,75,53,74,2,0,11,5
617,3,0,489945871,136,B,Minor,80,33,60,0,0,32,14
618,1,3,465959382,102,A,Minor,77,26,63,58,0,11,5
619,3,0,1223481149,77,G,Major,73,54,74,23,0,41,23
620,1,0,2864791672,98,F#,Minor,82,54,59,69,0,18,10
621,1,0,2288695111,84,B,Minor,44,22,48,38,0,33,24
622,2,0,720825549,102,G#,Major,89,77,82,3,0,17,11
623,1,0,2086124197,120,G#,Major,42,33,26,92,0,13,3
624,1,9,1690192927,117,C#,Major,52,73,91,0,0,11,7
625,1,0,991336132,72,A,Minor,45,27,33,82,0,14,4
626,2,6,593917618,168,C#,Major,67,29,47,5,0,22,26
627,2,4,200972675,94,C#,Major,52,68,69,13,0,33,8
628,1,0,71014967,145,G#,Major,41,65,88,0,0,26,5
629,2,5,560222750,134,C#,Major,71,14,61,1,0,23,33
630,1,15,1806617704,148,C#,Major,35,24,93,0,0,10,8
631,1,0,77337771,127,E,Minor,60,40,89,9,0,60,6
632,3,0,528544703,172,F#,Minor,74,79,66,11,0,8,16
633,1,0,865640097,90,B,Major,75,19,46,21,4,34,8
634,2,12,2159346687,96,G,Major,57,30,40,38,0,26,3
635,1,0,211372494,138,G,Minor,74,65,67,46,0,36,4
636,2,4,651732901,120,G,Major,72,67,72,0,0,13,4
637,1,2,608334048,125,A,Major,70,65,74,1,0,34,4
638,4,0,863756573,123,D,Major,82,80,86,1,0,30,13
639,1,0,797402345,81,F#,Major,79,44,54,41,0,13,24
640,2,0,1695712020,171,C#,Major,55,10,85,7,0,8,20
641,1,2,1759567999,91,B,Major,77,60,32,84,0,8,5
642,8,0,223319934,84,G,Minor,56,61,76,10,0,14,11
643,2,0,54937991,115,F,Minor,90,74,54,16,0,13,28
644,2,0,226897599,125,,Major,69,70,89,4,0,49,3
645,2,0,258316038,122,F#,Minor,80,62,69,28,0,13,7
646,2,16,596152090,92,D,Major,85,92,54,16,0,29,7
647,3,0,177129919,90,F#,Minor,63,75,75,17,0,11,8
648,2,28,716591492,94,E,Minor,84,90,70,9,0,14,8
649,2,0,1210599487,93,B,Major,81,53,78,18,0,6,24
650,1,5,246376690,130,D,Minor,51,50,76,30,0,10,7
651,1,0,496311364,180,G,Minor,35,23,61,23,0,19,6
652,2,0,146789379,134,,Major,53,31,31,92,0,28,3
653,2,0,843309044,95,D#,Minor,92,31,89,3,0,8,25
654,1,0,500340342,184,F#,Major,69,91,63,11,0,9,31
655,3,0,107255472,147,G#,Minor,47,50,80,10,0,32,38
656,2,0,135079152,123,G,Major,52,44,60,40,0,26,3
657,1,11,822239726,123,A#,Minor,91,49,61,3,0,17,22
658,1,7,1202722675,90,F#,Minor,90,79,71,26,0,7,37
659,1,0,343197054,160,D,Minor,61,65,64,1,0,12,4
660,1,0,240769997,115,C#,Major,60,37,71,8,0,48,4
661,2,0,426204830,141,D#,Major,37,17,67,2,0,34,9
662,1,0,421135627,160,A,Major,31,30,88,7,0,8,8
663,1,7,554875730,145,B,Major,57,23,66,4,6,15,4
664,1,0,467727006,89,,Minor,46,43,43,23,8,8,22
665,3,4,327498031,95,F,Minor,84,49,72,8,0,15,8
666,1,0,185408548,160,D,Major,60,47,62,3,0,38,4
667,7,1,245400167,174,F,Minor,67,74,75,44,0,7,30
668,3,0,579395142,92,G,Major,77,76,84,3,0,38,4
669,2,0,675039469,134,G#,Major,93,61,74,9,0,17,8
670,2,2,252871192,172,B,Minor,31,4,86,1,0,28,17
671,1,0,231996128,80,A,Major,76,92,62,6,0,8,13
672,1,1,1929770265,150,C#,Minor,91,42,60,0,0,9,12
673,2,0,918915401,80,F#,Minor,78,53,74,4,0,45,21
674,2,0,1180896317,166,A#,Minor,81,83,75,14,0,29,34
675,1,0,498960285,120,G#,Major,67,8,54,27,0,8,4
676,1,11,685071800,92,,Major,86,89,79,17,0,11,6
677,1,0,258714692,85,G#,Minor,74,61,52,30,0,26,9
678,2,0,143139338,154,D,Minor,79,86,52,66,0,9,7
679,2,0,209768491,92,D,Minor,73,37,74,28,0,14,6
680,2,0,64714573,140,B,Major,89,75,70,6,0,13,5
681,1,0,50746620,89,C#,Major,65,60,60,11,0,10,40
682,1,0,154119539,135,F,Minor,89,89,86,16,0,8,5
683,1,0,181328253,140,G#,Minor,51,66,53,60,0,11,18
684,1,0,370068639,82,D#,Major,47,44,76,8,91,9,3
685,1,0,2280566092,79,D,Major,78,58,45,47,0,18,3
686,1,0,563902868,88,F,Major,31,31,63,47,27,21,12
687,1,9,317622165,139,F,Major,44,18,38,70,0,12,4
688,2,2,291709698,124,,Minor,73,68,83,55,0,90,7
689,1,0,203680270,80,G#,Minor,39,45,55,73,0,9,21
690,2,0,81350745,120,C#,Minor,84,54,51,47,0,12,40
691,1,0,282883169,80,E,Minor,56,19,46,92,72,11,3
692,2,0,64787943,117,C#,Major,92,62,86,11,0,24,24
693,2,2,2484812918,117,A,Minor,76,77,52,4,0,8,3
694,2,0,461437791,140,F,Minor,62,46,73,10,0,67,11
695,1,1,1439191367,99,G#,Major,68,57,77,2,0,10,5
696,2,20,759208783,93,C#,Major,74,59,87,3,0,8,5
697,1,0,368646862,106,G#,Major,44,8,20,74,42,11,3
698,2,0,299634472,124,G,Major,81,68,63,17,0,10,22
699,2,4,756907987,95,G#,Major,76,96,70,18,0,33,4
700,1,32,682475162,96,A#,Minor,87,82,53,10,0,5,8
701,1,2,546191065,92,E,Minor,81,40,73,15,0,9,8
702,1,3,229473310,124,G,Major,95,36,37,35,0,10,28
703,1,2,202677468,72,F#,Major,64,76,44,70,9,12,4
704,1,0,121913181,71,,Minor,28,26,20,19,0,30,3
705,2,2,208166039,135,A,Minor,78,55,57,4,0,10,8
706,1,2,527033089,95,A#,Major,81,56,70,4,0,5,24
707,2,0,94616487,71,C#,Minor,59,70,74,56,0,11,40
708,1,2,394030335,180,A#,Minor,80,71,68,6,0,10,37
709,1,0,193443895,150,E,Minor,65,11,58,0,0,12,9
710,1,11,299648208,189,G#,Major,55,86,44,40,0,7,4
711,1,0,182978249,85,,Major,72,55,64,49,0,7,4
712,1,16,319757142,140,G,Major,59,73,45,44,0,34,3
713,2,0,109091573,81,,Major,77,68,70,6,0,17,20
714,2,0,153240879,104,D,Minor,80,24,65,2,0,9,4
715,1,0,346127840,129,B,Major,42,33,44,62,0,8,6
716,1,0,312622938,94,C#,Minor,76,81,80,20,0,25,4
717,1,3,2197010679,71,,Minor,41,23,40,27,0,30,5
718,1,0,1200808494,146,A,Minor,59,23,46,66,0,15,6
719,1,0,797196073,103,F#,Minor,69,90,88,5,0,29,8
720,1,34,1970673297,124,D,Major,53,66,78,0,0,16,5
721,1,0,665765558,164,A#,Minor,70,71,58,24,0,7,13
722,1,0,263779030,138,D,Major,69,35,57,12,0,10,9
723,1,0,339473453,126,A,Minor,67,37,46,13,0,10,39
724,2,21,2204080728,103,B,Minor,61,47,65,3,0,17,4
725,2,0,2591224264,95,G#,Major,75,64,52,41,0,11,3
726,1,0,135444283,200,B,Minor,39,28,77,4,0,6,29
727,2,0,1457139296,129,,Major,86,75,52,54,0,10,4
728,2,0,236872197,98,F#,Minor,68,33,43,38,0,36,14
729,1,0,694525298,107,G#,Major,91,32,56,3,0,11,10
730,1,0,240661097,174,,Major,58,56,83,5,0,7,4
731,1,21,421365166,92,G#,Major,45,27,67,32,0,13,14
732,2,1,349746291,90,G,Major,81,59,83,9,0,11,5
733,1,0,255120451,147,F,Major,60,58,69,2,0,58,4
734,1,0,190981339,143,C#,Major,68,41,55,16,0,10,12
735,1,0,924193303,101,D#,Minor,76,63,71,3,0,10,3
736,1,8,305771063,118,C#,Minor,70,54,71,0,0,33,4
737,3,0,273005485,98,G,Minor,83,63,74,14,0,16,6
738,1,0,89566512,138,C#,Minor,72,22,46,24,0,9,6
739,1,0,677389855,114,F,Minor,59,30,62,1,0,8,4
740,2,0,75476209,180,G,Minor,63,45,64,34,0,9,8
741,1,9,408843328,145,B,Major,56,41,57,1,0,13,3
742,3,4,187772591,115,G#,Minor,78,63,64,1,0,7,4
743,3,0,178512385,82,A#,Major,79,48,84,13,0,21,23
744,1,0,101780047,166,D,Major,70,22,61,2,0,10,34
745,3,2,118381354,92,,Major,86,91,79,29,0,60,16
746,1,2,146363130,108,F#,Major,71,55,44,74,0,11,6
747,1,0,126443991,84,E,Minor,71,63,45,45,0,11,3
748,1,0,157990698,95,D#,Minor,69,90,91,6,0,35,4
749,4,0,176290831,135,D#,Minor,93,77,45,25,0,13,27
750,1,0,1023187129,110,E,Major,57,6,27,84,0,9,3
751,2,0,106933107,88,G,Major,89,59,64,5,0,19,7
752,1,2,139193812,119,C#,Minor,87,28,50,12,0,10,10
753,1,0,212234990,120,C#,Major,58,71,80,15,0,7,41
754,1,0,1714490998,122,D,Major,86,97,80,36,0,9,6
755,2,0,197643795,98,F,Major,78,83,75,41,0,27,8
756,1,1,807015863,140,E,Minor,45,25,84,21,0,13,6
757,3,0,933815613,116,F#,Minor,79,87,81,4,0,10,4
758,1,0,499710590,124,D#,Major,86,62,49,51,0,35,21
759,6,0,120847157,105,A,Minor,91,73,72,13,0,9,15
760,1,0,53909146,118,G#,Major,68,24,58,44,0,6,3
761,1,3,2236667932,108,E,Major,61,20,38,61,0,10,5
762,1,5,2123309722,100,E,Major,61,53,38,84,0,28,44
763,1,0,301242089,140,D#,Minor,81,39,66,38,0,12,14
764,1,0,723894473,109,A#,Minor,84,72,74,10,0,34,7
765,3,0,237351106,101,C#,Minor,78,40,74,36,0,17,27
766,1,0,461558540,78,F,Major,56,61,90,36,0,18,31
767,1,6,417230415,93,,Minor,79,22,55,31,0,12,5
768,1,0,156898322,87,G#,Major,52,32,83,24,0,17,43
769,2,0,127309180,153,A#,Minor,55,50,78,19,0,11,35
770,1,0,313113297,142,,Major,87,93,59,28,0,17,5
771,1,0,173702135,96,A#,Minor,85,41,43,39,0,12,21
772,2,0,271666301,125,,Major,50,39,78,4,0,11,33
773,1,0,305650299,85,A#,Major,71,43,65,23,0,9,5
774,2,0,123216717,140,C#,Minor,92,78,57,46,0,14,9
775,2,8,479655659,196,B,Minor,66,58,79,23,0,22,20
776,1,0,126191104,134,G,Major,78,51,43,69,0,14,9
777,2,0,344055883,103,C#,Minor,80,45,62,76,0,10,38
778,1,3,338422004,130,C#,Major,82,50,67,12,0,13,5
779,2,0,68895644,108,B,Major,65,52,69,31,0,8,36
780,3,0,86176890,123,G#,Major,61,66,71,53,0,32,46
781,1,28,403231558,152,B,Major,84,74,69,21,0,18,6
782,2,7,319546754,108,D,Major,78,55,60,59,0,7,4
783,1,0,61739839,72,A#,Minor,56,56,47,76,0,8,36
784,1,0,283359161,121,F#,Minor,86,67,65,42,0,35,7
785,3,0,76831876,138,D#,Minor,57,71,82,19,0,15,29
786,1,1,283332261,188,F,Minor,50,41,50,69,0,12,6
787,2,0,307752576,110,C#,Major,80,26,85,23,0,11,21
788,1,3,279737940,105,G#,Major,81,77,79,19,0,47,8
789,1,0,212351890,118,G#,Major,63,60,70,5,0,9,31
790,2,15,1304313953,176,D,Major,61,24,62,60,0,24,31
791,1,0,150500965,158,B,Major,83,41,65,0,10,11,8
792,1,0,246127838,115,C#,Minor,85,72,58,9,0,49,12
793,1,0,582863434,110,B,Minor,51,48,82,0,0,5,3
794,2,0,58687425,174,A,Major,73,26,54,30,0,34,32
795,2,0,212109195,130,E,Major,91,91,96,3,0,3,9
796,1,8,382199619,78,A#,Major,36,30,54,34,0,14,5
797,1,0,41210087,104,G,Major,44,74,42,88,0,9,9
798,1,0,231657891,121,G,Major,64,80,88,0,0,12,6
799,1,0,53729194,105,D,Major,83,32,82,14,0,12,4
800,1,0,244741137,81,G,Major,38,20,66,9,0,9,8
801,1,0,42485571,170,C#,Minor,37,14,24,80,0,11,4
802,1,0,37778188,78,G,Major,43,60,38,76,1,48,38
803,1,0,254218729,125,G#,Major,88,28,66,6,0,13,31
804,1,0,53603447,92,E,Minor,66,29,65,23,0,8,7
805,1,4,160035717,140,B,Minor,84,61,42,31,0,9,9
806,2,0,164163229,96,,Major,61,32,90,25,0,10,9
807,1,0,37091576,118,F,Minor,66,83,43,84,0,19,19
808,2,6,284249832,92,B,Minor,71,67,60,7,0,6,4
809,2,0,33381454,140,G#,Minor,49,50,37,87,0,11,35
810,2,2,184622518,174,C#,Major,68,45,71,18,0,11,25
811,2,0,300983101,127,A#,Major,77,53,78,19,0,29,4
812,2,0,121077868,96,B,Major,71,37,52,62,0,11,36
813,2,0,106919680,150,G#,Minor,82,82,66,13,0,11,6
814,1,0,136996305,100,F#,Major,87,46,60,1,0,13,16
815,1,0,65719930,105,C#,Minor,73,59,81,13,0,9,6
816,1,0,229497852,104,G,Major,86,43,62,5,0,13,14
817,1,0,185550869,154,G#,Major,54,45,79,1,0,17,5
818,1,0,54682594,80,B,Major,47,33,83,18,0,10,5
819,2,2,240580042,150,D#,Major,53,14,43,64,0,13,3
820,1,9,1284942608,156,B,Minor,32,49,72,0,0,9,4
821,1,0,71423324,98,G#,Minor,76,79,81,18,0,6,34
822,1,1,244891912,92,G,Major,58,27,36,86,0,9,3
823,1,0,132171975,144,E,Major,47,7,50,32,0,7,4
824,1,0,184706613,150,E,Major,37,27,56,8,0,13,3
825,1,0,184826429,138,D#,Major,70,31,44,84,0,9,39
826,1,0,302006641,172,C#,Major,56,68,89,4,0,33,19
827,1,0,330881149,77,G#,Major,72,70,82,2,0,4,17
828,1,1,334733572,107,B,Major,72,36,72,26,6,11,4
829,1,3,366214458,114,D,Major,51,39,29,90,0,10,4
830,1,0,114546317,117,D,Major,63,29,51,43,0,25,4
831,1,0,290833204,146,,Major,69,63,45,48,0,18,4
832,1,0,448500832,160,G#,Minor,80,74,60,8,0,14,26
833,4,0,136676504,120,G,Major,88,15,56,1,0,8,6
834,3,0,190625045,100,B,Minor,82,76,70,16,0,8,5
835,1,0,79095270,158,G#,Minor,60,68,84,4,0,24,11
836,1,0,273194684,142,D#,Major,56,40,54,72,0,10,4
837,4,3,333146475,170,A,Minor,80,77,85,11,0,17,14
838,2,0,194902696,84,F,Minor,71,39,86,2,0,51,25
839,1,5,311482393,139,,Major,58,30,46,14,0,9,3
840,1,0,195918494,151,G,Major,73,88,67,20,0,32,5
841,2,0,248511839,128,C#,Minor,82,42,75,6,0,63,6
842,1,0,233671263,118,G,Major,56,20,54,67,0,6,5
843,1,0,199587884,183,F,Major,65,88,72,36,14,20,3
844,1,0,91781263,83,D#,Minor,63,29,62,4,0,18,4
845,2,13,383835984,122,C#,Major,85,42,80,6,0,17,14
846,1,1,236060709,165,A,Major,72,90,48,32,0,18,23
847,1,0,189236868,106,A,Minor,83,90,64,35,5,9,4
848,2,0,160845341,77,B,Major,81,68,58,83,0,11,34
849,1,0,588955257,91,G#,Major,57,30,89,10,0,33,8
850,1,0,238350348,148,G,Major,51,21,63,5,0,41,3
851,1,1,187703102,114,E,Minor,71,90,81,31,2,13,3
852,2,2,295307001,120,,Minor,91,63,77,12,1,10,5
853,2,0,138334433,92,F#,Major,83,56,82,10,0,9,5
854,1,0,445590495,118,F,Major,56,25,45,1,3,7,3
855,3,0,286739476,123,E,Minor,60,46,71,3,0,16,4
856,1,0,1122364376,89,D#,Major,52,28,48,54,1,19,3
857,1,8,157136970,110,F,Minor,81,61,93,49,0,12,11
858,1,0,137070925,118,,Major,42,32,20,94,0,11,4
859,1,4,183273246,90,B,Minor,68,54,76,21,0,11,20
860,1,4,184807630,130,,Major,49,14,40,82,0,11,3
861,1,0,164856284,154,F#,Minor,70,97,62,47,0,10,4
862,1,0,704171068,105,E,Minor,54,59,83,0,44,20,4
863,1,0,354614964,115,C#,Minor,70,87,88,4,0,26,8
864,5,0,279717388,110,C#,Major,91,59,82,8,0,6,8
865,1,0,195628667,125,E,Minor,51,5,68,12,2,15,6
866,1,0,221752937,102,C#,Major,73,62,75,0,0,34,8
867,1,11,263280370,120,G#,Minor,81,72,65,4,0,14,4
868,1,0,213505179,97,D,Major,80,36,86,4,0,3,5
869,2,3,130419412,140,F,Minor,44,41,92,0,0,44,7
870,1,0,155795783,97,D,Major,78,31,72,1,0,11,4
871,1,1,1553497987,125,F#,Major,45,67,90,9,11,10,5
872,1,12,293466523,88,D#,Minor,80,55,56,13,0,8,9
873,1,0,711366595,170,,Major,56,52,64,11,0,45,7
874,1,0,191448892,137,A#,Minor,88,8,49,9,0,9,14
875,3,0,85924992,157,A,Major,88,52,69,0,0,8,23
876,3,4,176103902,130,F#,Major,95,83,57,54,0,10,25
877,3,0,121189256,90,C#,Major,85,80,83,10,0,8,11
878,1,0,131746175,183,G#,Minor,44,44,67,7,0,12,13
879,1,5,244790012,128,C#,Major,58,68,91,2,0,27,11
880,3,2,129314708,130,D#,Minor,71,78,40,46,0,7,45
881,1,35,331511413,126,C#,Major,63,56,43,24,0,12,23
882,3,0,219196651,120,,Major,77,94,87,2,0,23,12
883,3,0,170732845,130,E,Minor,72,18,46,7,0,28,8
884,1,2,273914335,122,,Major,70,46,76,30,0,9,45
885,1,4,179061440,172,G#,Minor,74,46,58,15,0,13,8
886,1,4,185236961,103,G#,Major,61,38,62,14,0,23,40
887,1,0,171788484,122,A#,Minor,55,46,64,0,0,17,10
888,1,2,387080183,130,B,Major,47,56,90,0,0,10,4
889,1,12,264717480,105,A#,Minor,81,70,65,24,0,8,4
890,1,6,244928911,120,F,Major,90,73,51,39,0,9,6
891,1,0,97610446,145,G,Major,56,43,53,24,0,12,4
892,2,4,287278853,99,G,Minor,79,64,59,28,0,11,14
893,1,34,887906111,88,A#,Minor,79,66,65,5,0,25,14
894,4,0,123473120,126,A,Major,81,90,73,28,0,29,4
895,2,5,295152154,136,,Major,77,71,75,33,1,13,4
896,2,9,323455692,113,G#,Major,70,97,59,55,0,27,12
897,3,0,240918092,132,B,Major,82,49,88,20,0,21,3
898,3,4,191873381,135,G#,Major,77,74,74,47,0,34,8
899,2,0,284216603,126,,Major,67,49,77,11,0,19,11
900,1,4,239411309,102,C#,Minor,67,72,74,30,0,36,4
901,1,12,265548837,125,,Major,68,80,92,10,0,9,12
902,1,7,703301727,149,C#,Major,37,28,66,14,0,9,5
903,2,6,244585109,137,,Major,74,71,89,24,61,15,5
904,1,0,189476119,120,D#,Minor,77,78,91,14,0,33,12
905,1,0,277132266,100,C#,Major,90,75,50,11,0,9,26
906,1,30,278920007,164,G#,Minor,70,58,57,25,0,15,7
907,1,8,222410722,93,A#,Minor,65,79,66,31,0,22,7
908,1,12,185392587,180,C#,Minor,65,52,80,5,0,6,25
909,1,0,202452860,79,C#,Major,34,22,31,43,63,10,7
910,1,6,1608164312,146,F,Major,56,21,44,73,0,11,2
911,1,4,624101957,103,C#,Major,37,17,27,75,5,10,3
912,1,0,148461629,140,E,Minor,70,26,76,8,0,54,23
913,2,0,47093942,92,A#,Major,81,48,70,13,0,15,7
914,1,0,380319238,102,C#,Minor,64,4,60,11,0,19,4
915,2,2,209106362,118,B,Minor,82,75,85,33,1,11,4
916,1,0,53987404,93,D,Major,78,75,62,6,0,15,6
917,1,0,115331792,150,F,Minor,70,26,56,14,83,11,5
918,1,5,225093344,130,D,Major,52,24,60,0,0,8,3
919,2,0,84697729,83,D#,Minor,65,24,53,6,0,51,4
920,4,0,159240673,102,A,Major,84,43,75,5,0,6,8
921,1,6,170709584,136,E,Minor,73,65,91,4,0,48,18
922,1,0,154356956,145,A,Major,66,24,58,17,0,19,5
923,1,0,723043854,130,G,Major,57,24,37,11,18,16,3
924,1,6,247689123,156,G,Major,72,92,77,9,0,8,11
925,1,0,176474912,123,D,Major,57,50,85,5,0,16,4
926,1,10,235549288,132,G,Major,92,53,62,7,0,63,10
927,2,1,140430339,125,D#,Minor,49,13,74,0,0,9,4
928,1,0,85559365,162,F,Minor,74,22,67,0,0,11,46
929,3,7,146223492,138,A#,Major,80,82,81,14,0,13,36
930,3,4,187701588,161,A#,Minor,59,62,60,12,0,5,44
931,2,0,154863153,131,G#,Minor,91,23,55,1,0,7,32
932,3,0,191333656,122,E,Minor,75,45,63,6,0,35,12
933,1,0,253650850,80,E,Minor,80,16,28,17,0,12,39
934,1,0,223064273,109,G,Major,75,11,50,20,0,30,17
935,2,0,170413877,158,A,Major,84,33,36,2,0,39,59
936,1,0,218320587,126,E,Major,66,12,35,55,0,9,14
937,2,0,141720999,104,C#,Major,73,25,61,1,0,32,7
938,1,0,187339835,110,,Major,48,15,31,80,22,12,4
939,2,2,198365537,130,G,Major,77,20,70,1,0,16,5
940,1,0,186104310,177,,Major,34,39,16,97,0,12,5
941,1,0,177503916,158,G,Major,48,55,84,43,0,15,12
942,2,0,71095708,114,D,Minor,62,25,44,51,33,14,3
943,2,0,112436403,144,F,Major,93,62,61,0,0,12,20
944,1,9,203436468,125,F,Major,54,22,76,0,0,14,3
945,1,0,93367537,142,F,Minor,85,40,43,4,0,39,32
946,2,0,106249219,120,D,Major,64,11,53,1,0,25,27
947,1,0,181382590,96,F,Major,57,55,74,22,0,8,4
948,1,0,91473363,144,A,Major,60,24,39,57,0,8,3
949,1,0,121871870,166,F#,Major,42,7,24,83,1,12,6
950,2,0,73513683,92,C#,Major,80,81,67,4,0,8,6
951,3,0,133895612,97,C#,Major,82,67,77,8,0,12,5
952,1,2,96007391,90,E,Minor,61,32,67,15,0,11,5